target,A1,A2,A3,A4,A5,B1,B2,B3,B4,B5,AB1,AB2,AB3,AB4,AB5,u3,u6,Nd,FE,BG,firstIE,TF,v1,v2
3.36148,0.0,1.0,0.0,0.0,0.0,7.0,2.0,2.0,1.0,3.0,3.0,4.0,3.0,1.0,1.0,0.1875,0.0069444444444444,0.375,-1.58698591135375,2.1486750000000003,6.490695625000001,0.2842465753424658,0.0625,0.0069444444444444
0.94555,2.0,1.0,1.0,0.0,2.0,3.0,1.0,0.0,1.0,1.0,6.0,3.0,4.0,1.0,2.0,0.03125,0.03125,1.0,-1.341231602960833,2.6297500000000005,6.030525749000001,0.3167808219178082,0.03125,0.03125
3.13978,4.0,0.0,0.0,1.0,1.0,4.0,0.0,0.0,1.0,1.0,4.0,4.0,4.0,1.0,3.0,0.0,0.0,0.25,-1.3239741227675,2.1080500000000004,6.70776175,0.2465753424657534,0.03125,0.046875
0.93901,0.0,6.0,0.0,0.0,0.0,3.0,1.0,0.0,1.0,1.0,9.0,0.0,3.0,1.0,3.0,0.1875,0.03125,0.25,-1.3239741227675,2.1080500000000004,6.70776175,0.2465753424657534,0.0625,0.0625
3.48621,1.0,0.0,0.0,0.0,0.0,5.0,2.0,4.0,2.0,2.0,4.0,2.0,2.0,0.0,4.0,0.0625,0.0069444444444444,0.375,-1.58698591135375,2.1486750000000003,6.490695625000001,0.2842465753424658,0.0625,0.0208333333333333
2.30385,2.0,0.0,2.0,1.0,1.0,4.0,0.0,0.0,2.0,0.0,6.0,4.0,2.0,0.0,4.0,0.0,0.0,0.25,-1.3239741227675,2.1080500000000004,6.70776175,0.2465753424657534,0.046875,0.0625
1.17861,0.0,1.0,0.0,0.0,0.0,3.0,4.0,2.0,2.0,4.0,7.0,2.0,3.0,0.0,0.0,0.1875,0.0347222222222222,0.375,-1.58698591135375,2.1486750000000003,6.490695625000001,0.2842465753424658,0.0625,0.0486111111111111
4.98418,14.0,4.0,2.0,2.0,6.0,0.0,0.0,0.0,0.0,0.0,0.0,0.0,0.0,0.0,0.0,0.0,0.0,0.5,-1.84999769994,2.1893,6.2736295,0.3219178082191781,0.015625,0.0
0.62301,0.0,6.0,0.0,0.0,0.0,0.0,6.0,0.0,0.0,0.0,12.0,0.0,4.0,0.0,0.0,0.1875,0.1875,0.25,-1.3239741227675,2.1080500000000004,6.70776175,0.2465753424657534,0.0625,0.0625
2.51674,12.0,7.0,3.0,2.0,4.0,0.0,0.0,0.0,0.0,0.0,0.0,0.0,0.0,0.0,0.0,0.0234375,0.0,0.5,-1.84999769994,2.1893,6.2736295,0.3219178082191781,0.015625,0.0
1.72362,4.0,0.0,0.0,0.0,2.0,0.0,2.0,0.0,2.0,2.0,4.0,4.0,4.0,0.0,4.0,0.0,0.0625,0.25,-1.3239741227675,2.1080500000000004,6.70776175,0.2465753424657534,0.03125,0.125
2.20473,12.0,8.0,4.0,2.0,2.0,0.0,0.0,0.0,0.0,0.0,0.0,0.0,0.0,0.0,0.0,0.03125,0.0,0.5,-1.84999769994,2.1893,6.2736295,0.3219178082191781,0.015625,0.0
2.21246,3.0,0.0,1.0,0.0,2.0,4.0,0.0,0.0,1.0,1.0,5.0,4.0,3.0,0.0,4.0,0.0,0.0,0.25,-1.3239741227675,2.1080500000000004,6.70776175,0.2465753424657534,0.015625,0.046875
4.56787,12.0,4.0,4.0,2.0,6.0,0.0,0.0,0.0,0.0,0.0,0.0,0.0,0.0,0.0,0.0,0.0,0.0,0.5,-1.84999769994,2.1893,6.2736295,0.3219178082191781,0.015625,0.0
3.38412,13.0,5.0,2.0,3.0,5.0,0.0,0.0,0.0,0.0,0.0,0.0,0.0,0.0,0.0,0.0,0.0078125,0.0,0.5,-1.84999769994,2.1893,6.2736295,0.3219178082191781,0.0234375,0.0
3.61484,10.0,4.0,6.0,3.0,5.0,0.0,0.0,0.0,0.0,0.0,0.0,0.0,0.0,0.0,0.0,0.0,0.0,0.5,-1.84999769994,2.1893,6.2736295,0.3219178082191781,0.01953125,0.0
2.09531,2.0,0.0,2.0,0.0,2.0,0.0,0.0,4.0,2.0,0.0,8.0,4.0,0.0,0.0,4.0,0.0,0.0,0.6666666666666666,-0.9268750611561908,1.9693000000000005,6.819025,0.3515981735159816,0.0,0.0625
1.7799,0.0,6.0,0.0,0.0,0.0,3.0,1.0,0.0,0.0,2.0,9.0,0.0,3.0,1.0,3.0,0.1875,0.03125,0.25,-1.3239741227675,2.1080500000000004,6.70776175,0.2465753424657534,0.0625,0.03125
1.59343,12.0,12.0,4.0,0.0,0.0,0.0,0.0,0.0,0.0,0.0,0.0,0.0,0.0,0.0,0.0,0.0625,0.0,0.5,-1.84999769994,2.1893,6.2736295,0.3219178082191781,0.0,0.0
1.1625,0.0,6.0,0.0,0.0,0.0,3.0,3.0,0.0,0.0,0.0,9.0,0.0,3.0,1.0,3.0,0.1875,0.09375,0.25,-1.3239741227675,2.1080500000000004,6.70776175,0.2465753424657534,0.0625,0.03125
