target,A1,A2,A3,A4,A5,B1,B2,B3,B4,B5,AB1,AB2,AB3,AB4,AB5,u3,u6,Nd,FE,BG,firstIE,TF,v1,v2
1.72362,4.0,0.0,0.0,0.0,2.0,0.0,2.0,0.0,2.0,2.0,4.0,4.0,4.0,0.0,4.0,0.0,0.0625,0.25,-1.3239741227675,2.1080500000000004,6.70776175,0.2465753424657534,0.03125,0.125
2.30385,2.0,0.0,2.0,1.0,1.0,4.0,0.0,0.0,2.0,0.0,6.0,4.0,2.0,0.0,4.0,0.0,0.0,0.25,-1.3239741227675,2.1080500000000004,6.70776175,0.2465753424657534,0.046875,0.0625
1.74631,2.0,3.0,1.0,0.0,0.0,2.0,0.0,2.0,1.0,1.0,7.0,4.0,1.0,0.0,4.0,0.09375,0.0,0.25,-1.3239741227675,2.1080500000000004,6.70776175,0.2465753424657534,0.03125,0.046875
4.98418,14.0,4.0,2.0,2.0,6.0,0.0,0.0,0.0,0.0,0.0,0.0,0.0,0.0,0.0,0.0,0.0,0.0,0.5,-1.84999769994,2.1893,6.2736295,0.3219178082191781,0.015625,0.0
1.79925,2.0,1.0,1.0,0.0,2.0,3.0,1.0,0.0,1.0,1.0,7.0,3.0,3.0,2.0,1.0,0.03125,0.03125,1.0,-1.341231602960833,2.6297500000000005,6.030525749000001,0.3167808219178082,0.03125,0.03125
0.86199,2.0,3.0,1.0,0.0,0.0,0.0,0.0,4.0,2.0,0.0,8.0,4.0,0.0,0.0,4.0,0.09375,0.0,0.25,-1.3239741227675,2.1080500000000004,6.70776175,0.2465753424657534,0.03125,0.0625
3.0795,1.0,0.0,0.0,0.0,0.0,4.0,3.0,4.0,2.0,2.0,4.0,2.0,2.0,1.0,3.0,0.0625,0.0208333333333333,0.375,-1.58698591135375,2.1486750000000003,6.490695625000001,0.2842465753424658,0.0625,0.0416666666666666
3.95414,2.0,1.0,1.0,0.0,2.0,2.0,1.0,1.0,1.0,1.0,7.0,2.0,3.0,1.0,3.0,0.03125,0.03125,1.0,-1.341231602960833,2.6297500000000005,6.030525749000001,0.3167808219178082,0.03125,0.03125
1.7259,0.0,6.0,0.0,0.0,0.0,0.0,3.0,0.0,1.0,2.0,12.0,0.0,4.0,0.0,0.0,0.1875,0.09375,0.25,-1.3239741227675,2.1080500000000004,6.70776175,0.2465753424657534,0.0625,0.078125
2.20473,12.0,8.0,4.0,2.0,2.0,0.0,0.0,0.0,0.0,0.0,0.0,0.0,0.0,0.0,0.0,0.03125,0.0,0.5,-1.84999769994,2.1893,6.2736295,0.3219178082191781,0.015625,0.0
3.48621,1.0,0.0,0.0,0.0,0.0,5.0,2.0,4.0,2.0,2.0,4.0,2.0,2.0,0.0,4.0,0.0625,0.0069444444444444,0.375,-1.58698591135375,2.1486750000000003,6.490695625000001,0.2842465753424658,0.0625,0.0208333333333333
1.17861,0.0,1.0,0.0,0.0,0.0,3.0,4.0,2.0,2.0,4.0,7.0,2.0,3.0,0.0,0.0,0.1875,0.0347222222222222,0.375,-1.58698591135375,2.1486750000000003,6.490695625000001,0.2842465753424658,0.0625,0.0486111111111111
1.3683899999999998,3.0,1.0,0.0,1.0,1.0,0.0,0.0,4.0,2.0,0.0,8.0,4.0,0.0,0.0,4.0,0.03125,0.0,1.0,-1.256885462830625,3.176,5.9673662400000005,0.3852739726027397,0.03125,0.0625
2.51831,10.0,8.0,2.0,2.0,6.0,0.0,0.0,0.0,0.0,0.0,0.0,0.0,0.0,0.0,0.0,0.03125,0.0,0.5,-1.84999769994,2.1893,6.2736295,0.3219178082191781,0.0234375,0.0
2.51674,12.0,7.0,3.0,2.0,4.0,0.0,0.0,0.0,0.0,0.0,0.0,0.0,0.0,0.0,0.0,0.0234375,0.0,0.5,-1.84999769994,2.1893,6.2736295,0.3219178082191781,0.015625,0.0
1.1625,0.0,6.0,0.0,0.0,0.0,3.0,3.0,0.0,0.0,0.0,9.0,0.0,3.0,1.0,3.0,0.1875,0.09375,0.25,-1.3239741227675,2.1080500000000004,6.70776175,0.2465753424657534,0.0625,0.03125
1.29238,0.0,6.0,0.0,0.0,0.0,2.0,3.0,1.0,0.0,0.0,9.0,0.0,3.0,1.0,3.0,0.1875,0.09375,0.25,-1.3239741227675,2.1080500000000004,6.70776175,0.2465753424657534,0.0625,0.03125
0.94555,2.0,1.0,1.0,0.0,2.0,3.0,1.0,0.0,1.0,1.0,6.0,3.0,4.0,1.0,2.0,0.03125,0.03125,1.0,-1.341231602960833,2.6297500000000005,6.030525749000001,0.3167808219178082,0.03125,0.03125
3.13978,4.0,0.0,0.0,1.0,1.0,4.0,0.0,0.0,1.0,1.0,4.0,4.0,4.0,1.0,3.0,0.0,0.0,0.25,-1.3239741227675,2.1080500000000004,6.70776175,0.2465753424657534,0.03125,0.046875
2.96477,1.0,0.0,0.0,0.0,0.0,4.0,2.0,5.0,2.0,2.0,5.0,3.0,1.0,1.0,2.0,0.0625,0.0069444444444444,0.375,-1.58698591135375,2.1486750000000003,6.490695625000001,0.2842465753424658,0.0625,0.0347222222222222
